{"frames": [

{
	"filename": "base",
	"frame": {"x":2,"y":2,"w":224,"h":224},
	"rotated": false,
	"trimmed": false,
	"spriteSourceSize": {"x":0,"y":0,"w":224,"h":224},
	"sourceSize": {"w":224,"h":224}
},
{
	"filename": "button1-down",
	"frame": {"x":364,"y":2,"w":104,"h":104},
	"rotated": false,
	"trimmed": false,
	"spriteSourceSize": {"x":0,"y":0,"w":104,"h":104},
	"sourceSize": {"w":104,"h":104}
},
{
	"filename": "button1-up",
	"frame": {"x":364,"y":108,"w":104,"h":104},
	"rotated": false,
	"trimmed": false,
	"spriteSourceSize": {"x":0,"y":0,"w":104,"h":104},
	"sourceSize": {"w":104,"h":104}
},
{
	"filename": "button2-down",
	"frame": {"x":470,"y":2,"w":104,"h":104},
	"rotated": false,
	"trimmed": false,
	"spriteSourceSize": {"x":0,"y":0,"w":104,"h":104},
	"sourceSize": {"w":104,"h":104}
},
{
	"filename": "button2-up",
	"frame": {"x":576,"y":2,"w":104,"h":104},
	"rotated": false,
	"trimmed": false,
	"spriteSourceSize": {"x":0,"y":0,"w":104,"h":104},
	"sourceSize": {"w":104,"h":104}
},
{
	"filename": "button3-down",
	"frame": {"x":470,"y":108,"w":104,"h":104},
	"rotated": false,
	"trimmed": false,
	"spriteSourceSize": {"x":0,"y":0,"w":104,"h":104},
	"sourceSize": {"w":104,"h":104}
},
{
	"filename": "button3-up",
	"frame": {"x":576,"y":108,"w":104,"h":104},
	"rotated": false,
	"trimmed": false,
	"spriteSourceSize": {"x":0,"y":0,"w":104,"h":104},
	"sourceSize": {"w":104,"h":104}
},
{
	"filename": "stick",
	"frame": {"x":228,"y":2,"w":134,"h":134},
	"rotated": false,
	"trimmed": false,
	"spriteSourceSize": {"x":0,"y":0,"w":134,"h":134},
	"sourceSize": {"w":134,"h":134}
}],
"meta": {
	"app": "http://www.codeandweb.com/texturepacker",
	"version": "1.0",
	"image": "generic-joystick.png",
	"format": "RGBA8888",
	"size": {"w":682,"h":228},
	"scale": "1",
	"smartupdate": "$TexturePacker:SmartUpdate:e9879c3113ba01e8301c41ff8a522461:27f6351bd7b0a375a2a8ff5a01af291c:39ee24d5067dbc6be070854b489a5e77$"
}
}
